id;_id;date;name;time;type;date_name;lat;lng;popularity_median;followers_sum;danceability_median;energy_median;key_mode;loudness_median;mode_mode;speechiness_median;acousticness_median;instrumentalness_median;liveness_median;valence_median;duration_ms_mean;time_signature_mode
20;5af9c7130cc9ab0004e227ff;14/5/2018 0:00;Tony Malaby Trio at Vortex Jazz Club (May 14, 2018);19:00:00;Concert;Monday;51.5487082;-0.0764992;0;21;0.473;0.4475;[10];-14.4965;[0];0.0872;0.2105;0.229;0.09565;0.3195;291495;[4]
151;5afab9c5dcab560004a0af71;16/5/2018 0:00;Joel Culpepper with Aaron Taylor and San Scout at Omeara (May 16, 2018);19:00:00;Concert;Wednesday;51.5041429;-0.094603;40;14393;0.603;0.5445;[0];-7.2645;[1];0.07195;0.281;0.0001825;0.113;0.4985;220996.4;[4]
172;5afaba02dcab560004a0afa4;17/5/2018 0:00;Premiata Forneria Marconi with Andy Tillison at O2 Academy Islington (May 17, 2018);19:00:00;Concert;Thursday;51.5345836;-0.1059202;37;32718;0.3975;0.4785;[0];-9.478;[1];0.03605;0.195;0.0794;0.1145;0.315;367274.7;[4]
199;5afaba4cdcab560004a0afe5;17/5/2018 0:00;PFM Premiata Forneria Marconi at O2 Academy 2 Islington (May 17, 2018);18:30:00;Concert;Thursday;51.5345836;-0.1059202;37;32718;0.3975;0.4785;[0];-9.478;[1];0.03605;0.195;0.0794;0.1145;0.315;367274.7;[4]
272;5afabb26dcab560004a0b099;18/5/2018 0:00;Art Department, Martin Buttrich, Nitin, Kevin Saunderson, and 2 more… at fabric (May 18, 2018);23:00:00;Concert;Friday;51.5195531;-0.1024779;33;118478;0.75;0.6985;[1];-9.764;[1];0.0532;0.007715;0.854;0.1005;0.335;431928.463;[4]
300;5afabb8ddcab560004a0b0ee;18/5/2018 0:00;Jazz Project at The Crypt (May 18, 2018);;Concert;Friday;51.4735597;-0.0871743;20;3795;0.453;0.715;[7];-8.026;[1];0.0366;0.616;0.786;0.0996;0.7465;353378.6;[4]
392;5afabd0edcab560004a0b20b;19/5/2018 0:00;iZem at Village Underground (May 19, 2018);19:00:00;Concert;Saturday;51.5237877;-0.0780335;26;2122;0.601;0.2755;[2];-15.372;[0];0.0484;0.7185;0.0377;0.0867;0.451;260624.5;[4]
759;5afaee7df4259d0004b0e619;15/4/2018 0:00;Sonny Landreth at 229 (April 15, 2018);19:30:00;Concert;Sunday;51.523464;-0.144249;42;15963;0.5655;0.7655;[2];-8.2475;[1];0.04935;0.1825;0.00117365;0.309;0.796;280472.1;[4]
898;5afaefe7f4259d0004b0e765;18/4/2018 0:00;Jordan Rakei at Ronnie Scott's (April 18, 2018);23:00:00;Concert;Wednesday;51.5134988;-0.131519;61;90512;0.6925;0.415;[0];-9.9745;[1];0.0564;0.2275;0.0003585;0.137;0.504;248856.9;[4]
917;5afaf027f4259d0004b0e798;18/4/2018 0:00;Hooverphonic at Islington Assembly Hall (April 18, 2018);19:30:00;Concert;Wednesday;51.5395158;-0.1024666;54;138419;0.5145;0.642;[4];-7.411;[0];0.03315;0.09615;0.00316;0.1285;0.373;226034.5;[4]
962;5afaf0a9f4259d0004b0e807;19/4/2018 0:00;Jordan Rakei at Ronnie Scott's (April 19, 2018);23:00:00;Concert;Thursday;51.5134988;-0.131519;61;90512;0.6925;0.415;[0];-9.9745;[1];0.0564;0.2275;0.0003585;0.137;0.504;248856.9;[4]
997;5afaf10bf4259d0004b0e85c;19/4/2018 0:00;Lewis Bootle with SANSHA, DIDI (UK), Gecko, and 1 more… at Courtyard Theatre (April 19, 2018);19:00:00;Concert;Thursday;51.5280396;-0.0834422;17.5;5370;0.7065;0.575;[4];-7.9625;[1];0.08385;0.4715;1.31E-05;0.115;0.562;232062.5357;[4]
1144;5afaf2ebf4259d0004b0e9df;22/4/2018 0:00;Hüsnü Arkan at O2 Academy Islington (April 22, 2018);20:00:00;Concert;Sunday;51.5345836;-0.1059202;44;35916;0.5275;0.395;[7];-10.954;[0];0.04235;0.6965;0.000159;0.1215;0.231;257495.8;[4]
1166;5afaf343f4259d0004b0ea23;6/5/2018 0:00;DJ Q, Noisia, Digital Mystikz, Paul Woodford, and 9 more… at Queen Elizabeth Olympic Park (May 6, 2018);12:00:00;Concert;Sunday;51.5432961;-0.0165517;47;742631;0.6955;0.754;[1];-7.478;[1];0.0599;0.0195;0.455;0.126;0.465;293939.7727;[4]
1168;5afaf34af4259d0004b0ea2a;6/5/2018 0:00;Onra and A night in Cuba at The Jazz Cafe (May 6, 2018);22:30:00;Concert;Sunday;51.5387092;-0.1430815;52;68287;0.5355;0.5935;[7];-6.834;[1];0.1195;0.0471;0.02645;0.2565;0.4275;142447.8;[4]
1325;5afaf532f4259d0004b0ebaf;9/5/2018 0:00;Grails at Bush Hall (May 9, 2018);19:30:00;Concert;Wednesday;51.5062847;-0.2314873;37;17836;0.275;0.499;[5];-10.5965;[1];0.0336;0.3085;0.8995;0.1345;0.1165;308752.9;[4]
1490;5afcd5424054df00043ae554;24/5/2018 0:00;Tommy Emmanuel at Union Chapel (May 24, 2018);19:00:00;Concert;Thursday;51.5443277;-0.1028893;48;70714;0.604;0.3475;[6];-11.3215;[0];0.0384;0.7165;0.666;0.1135;0.5785;256790.4;[4]
1534;5afcd5d04054df00043ae5be;24/5/2018 0:00;Skinny Pelembe and Mina Rose at Hoxton Square Bar & Kitchen (May 24, 2018);19:00:00;Concert;Thursday;51.527476;-0.081657;29;1040;0.68;0.644;[7];-8.285;[0];0.0745;0.207;0.626;0.12;0.481;230668.8889;[4]
1585;5aff786c84d273000431fe64;25/5/2018 0:00;DJ Yoda and Jungle Brothers at Electric Brixton (May 25, 2018);22:30:00;Concert;Friday;51.4598359;-0.1170324;34.5;50904;0.8245;0.594;[10];-8.039;[1];0.2045;0.141;0.00014;0.117;0.6665;230972.75;[4]
1617;5aff78d784d273000431feb4;25/5/2018 0:00;Gala 2018;;Festival;Friday;51.5073509;-0.1277583;55;33644;0.787;0.718;[10];-7.6535;[0];0.04;0.05425;0.6785;0.07875;0.5835;346447.9;[4]
1904;5b036c24e926df00044b2fd6;29/5/2018 0:00;Blockhead at Archspace (May 29, 2018);19:00:00;Concert;Tuesday;51.536671;-0.0758036;54;87263;0.6445;0.6425;[7];-9.3195;[0];0.05385;0.06305;0.5455;0.0922;0.4755;306521.5;[4]
2;5af9c6e30cc9ab0004e227d6;14/5/2018 0:00;Ólafur Arnalds with Manu Delago at Royal Albert Hall (May 14, 2018);18:45:00;Concert;Monday;51.500786;-0.1781517;50.5;279290;0.3685;0.232;[3];-16.8295;[1];0.03685;0.9635;0.8985;0.09895;0.1255;276532.15;[4]
16;5af9c70a0cc9ab0004e227f7;14/5/2018 0:00;David Sinclair Four with Maaike Siegerist at The Social (May 14, 2018);19:30:00;Concert;Monday;51.5172521;-0.1407694;0;55;0.521;0.124;[2];-14.679;[0];0.03945;0.8655;0.000131815;0.119;0.242;190796.4;[4]
23;5af9c71d0cc9ab0004e22806;14/5/2018 0:00;Rita Coolidge at Boisdale of Canary Wharf (May 14, 2018);21:15:00;Concert;Monday;51.5051802;-0.0216597;41;33886;0.466;0.315;[2];-13.48;[1];0.03265;0.6165;0.00013195;0.13;0.315;246123.3;[4]
68;5af9c7a10cc9ab0004e22877;15/5/2018 0:00;Hailey Tuck at Rich Mix (May 15, 2018);19:00:00;Concert;Tuesday;51.5242313;-0.0738117;39;3603;0.6835;0.361;[7];-9.4485;[1];0.03905;0.711;0.00010625;0.0979;0.404;213733.1;[4]
70;5af9c7a60cc9ab0004e2287c;15/5/2018 0:00;Portico Quartet at Rough Trade East (May 15, 2018);18:45:00;Concert;Tuesday;51.521245;-0.0718398;49;55630;0.41;0.558;[0];-11.834;[0];0.03715;0.4635;0.916;0.1155;0.2155;281101;[4]
84;5af9c7ce0cc9ab0004e22899;15/5/2018 0:00;Rita Coolidge at Boisdale of Canary Wharf (May 15, 2018);21:15:00;Concert;Tuesday;51.5051802;-0.0216597;41;33886;0.466;0.315;[2];-13.48;[1];0.03265;0.6165;0.00013195;0.13;0.315;246123.3;[4]
89;5af9d770985cfc00044f8168;15/5/2018 0:00;Ravi Coltrane at Unknown venue (May 15, 2018);;Concert;Tuesday;51.2167;-0.333333;25;5702;0.4625;0.313;[5];-15.2415;[1];0.0394;0.731;0.6235;0.1083;0.204;401781.4;[4]
115;5af9d7b4985cfc00044f81a4;16/5/2018 0:00;Deva Mahal at Rich Mix (May 16, 2018);19:30:00;Concert;Wednesday;51.5242313;-0.0738117;44;4212;0.516;0.509;[7];-6.721;[0];0.0425;0.305;2.79E-05;0.0917;0.2515;247619.6;[4]
138;5afab9a0dcab560004a0af51;16/5/2018 0:00;Rita Coolidge at Boisdale of Canary Wharf (May 16, 2018);21:15:00;Concert;Wednesday;51.5051802;-0.0216597;41;33929;0.466;0.315;[2];-13.48;[1];0.03265;0.6165;0.00013195;0.13;0.315;246123.3;[4]
150;5afab9bfdcab560004a0af6d;16/5/2018 0:00;Hejira and Tawiah with Fran & Flora at Kings Place (May 16, 2018);20:00:00;Concert;Wednesday;51.534649;-0.122138;16.5;1810;0.5685;0.4205;[9];-10.8315;[1];0.03725;0.4475;0.0127;0.131;0.2365;282525.55;[4]
152;5afab9c7dcab560004a0af73;16/5/2018 0:00;Maciek Pysz at The Bull's Head (May 16, 2018);20:00:00;Concert;Wednesday;51.4735908;-0.2509234;7;87;0.482;0.1205;[7];-18.3295;[0];0.04805;0.982;0.7405;0.108;0.1975;272929.2;[4]
167;5afab9f3dcab560004a0af99;17/5/2018 0:00;Soweto Kinch at Oslo Hackney (May 17, 2018);19:00:00;Concert;Thursday;51.5479818;-0.0575201;29;4596;0.5215;0.561;[1];-10.1645;[1];0.07745;0.2205;0.2115;0.2;0.4355;395638.6;[4]
168;5afab9f6dcab560004a0af9b;17/5/2018 0:00;Rob Luft at Elgar Room, Royal Albert Hall (May 17, 2018);;Concert;Thursday;51.5012574;-0.1768302;18;383;0.411;0.606;[5];-12.664;[1];0.0388;0.6085;0.885;0.1095;0.4125;296700.8;[4]
198;5afaba4adcab560004a0afe3;17/5/2018 0:00;Tim Conley at The Jazz Cafe (May 17, 2018);19:00:00;Concert;Thursday;51.5387092;-0.1430815;0;25;0.3975;0.579;[8];-9.6235;[1];0.03695;0.3505;0.898;0.155;0.448;439822.1667;[3]
209;5afaba66dcab560004a0affb;17/5/2018 0:00;Rita Coolidge at Boisdale of Canary Wharf (May 17, 2018);21:15:00;Concert;Thursday;51.5051802;-0.0216597;41;33932;0.466;0.315;[2];-13.48;[1];0.03265;0.6165;0.00013195;0.13;0.315;246123.3;[4]
217;5afaba83dcab560004a0b013;17/5/2018 0:00;Pat Thomas, Martin Speake, Mark Mondesir Drums., and Dudley Phillips at Vortex Jazz Club (May 17, 2018);20:00:00;Concert;Thursday;51.5487082;-0.0764992;9;2513;0.563;0.4075;[2];-12.9025;[1];0.03955;0.6455;0.26;0.109;0.602;322228.0333;[4]
220;5afaba8cdcab560004a0b01b;17/5/2018 0:00;Javier Moreno at Green Note (May 17, 2018);19:00:00;Concert;Thursday;51.5374217;-0.1456995;4;150;0.389;0.3395;[7];-17.1705;[1];0.0409;0.379;0.897;0.108;0.218;377496.7;[4]
225;5afaba99dcab560004a0b027;17/5/2018 0:00;Jimi Tenor at Cafe OTO (May 17, 2018);;Concert;Thursday;51.5469092;-0.0747739;32;5979;0.7015;0.779;[0];-8.958;[1];0.05275;0.1154;0.11015;0.118;0.565;308716.3;[4]
241;5afababfdcab560004a0b049;18/5/2018 0:00;Kronos Quartet and Kronos String Quartet at Barbican Centre (May 18, 2018);19:30:00;Concert;Friday;51.5198644;-0.0916989;54;46161;0.3005;0.2205;[7];-21.1125;[0];0.0409;0.9365;0.889;0.0968;0.07425;422454.5;[4]
244;5afabacddcab560004a0b052;18/5/2018 0:00;Michael Wollny Trio, Michael Wollny, Christian Weber, and Eric Schaefer at Kings Place (May 18, 2018);19:30:00;Concert;Friday;51.534649;-0.122138;31;6198;0.464;0.354;[1];-14.027;[1];0.0384;0.679;0.841;0.111;0.168;293687.5161;[4]
253;5afabae0dcab560004a0b064;18/5/2018 0:00;Jah Wobble’s Invaders of the Heart at Mirth, Marvel and Maud (May 18, 2018);20:00:00;Concert;Friday;51.5859219;-0.0198687;4;282;0.6125;0.69;[1];-9.381;[1];0.0468;0.011765;0.26435;0.114;0.4495;337788.1;[4]
261;5afabafcdcab560004a0b07a;18/5/2018 0:00;Lack of Afro with Crowd Company and Noble & Heath at 100 Club (May 18, 2018);;Concert;Friday;51.5160992;-0.1351725;30.5;23926;0.6885;0.8145;[2];-6.546;[1];0.0556;0.08405;0.19805;0.112;0.739;227589.35;[4]
271;5afabb1cdcab560004a0b092;18/5/2018 0:00;Ashley Henry with Anoushka Lucas at Rich Mix (May 18, 2018);19:30:00;Concert;Friday;51.5242313;-0.0738117;25;2080;0.4815;0.4685;[7];-8.8515;[1];0.0402;0.724;4.58E-05;0.1135;0.367;290385.6;[4]
275;5afabb2edcab560004a0b09f;18/5/2018 0:00;Tony O'Malley at 606 Club (May 18, 2018);20:00:00;Concert;Friday;51.4784141;-0.1816679;12;303;0.633;0.349;[9];-10.657;[1];0.0361;0.739;0.000354;0.1285;0.378;262302.1;[4]
345;5afabc1cdcab560004a0b15b;19/5/2018 0:00;Nigel Kennedy at Royal Festival Hall, Southbank Centre (May 19, 2018);19:00:00;Concert;Saturday;51.5033996;-0.117448;51;20635;0.363;0.185;[5];-17.488;[0];0.0451;0.8655;0.7935;0.141;0.3125;240979.9;[4]
379;5afabcbadcab560004a0b1cf;19/5/2018 0:00;Keith Tippett and Julie Tippett at Vortex Jazz Club (May 19, 2018) (CANCELLED) ;20:00:00;Concert;Saturday;51.5487082;-0.0764992;4;502;0.359;0.237;[0];-19.98;[1];0.0451;0.786;0.6755;0.09635;0.2295;628626.5;[4]
422;5afabd76dcab560004a0b25e;19/5/2018 0:00;The Last Poets at Archspace (May 19, 2018);19:00:00;Concert;Saturday;51.536671;-0.0758036;35;9217;0.6985;0.5345;[2];-12.926;[1];0.2605;0.6675;0;0.212;0.8325;244744.5;[4]
431;5afabd93dcab560004a0b277;19/5/2018 0:00;The Haggis Horns with Crowd Company at 229 Venue (May 19, 2018);19:30:00;Concert;Saturday;51.5233785;-0.1449626;24.5;13933;0.678;0.8145;[2];-6.381;[1];0.0443;0.05915;0.19805;0.159;0.8215;275374.05;[4]
434;5afabd98dcab560004a0b27c;19/5/2018 0:00;Hil St. Soul at Pizza Express - Holborn (May 19, 2018);19:00:00;Concert;Saturday;51.5180357;-0.1186285;37;24745;0.7575;0.5225;[7];-7.56;[0];0.1175;0.12105;1.96E-06;0.1275;0.6195;254137.3;[4]
460;5afabde2dcab560004a0b2b7;20/5/2018 0:00;Redtenbacher's Funkestra at The Boaters Inn (May 20, 2018);7:00:00;Concert;Sunday;51.4188758;-0.3055867;23;2192;0.7335;0.8255;[0];-5.1035;[1];0.03945;0.0213;0.688;0.115;0.827;199143.6;[4]
467;5afabdf6dcab560004a0b2c8;20/5/2018 0:00;Alice Phoebe Lou at Scala (May 20, 2018);19:00:00;Concert;Sunday;51.5309284;-0.1202729;47;33826;0.5245;0.3045;[9];-9.985;[0];0.03765;0.56;0.004365;0.0999;0.142;278974.1;[4]
477;5afabe19dcab560004a0b2e4;20/5/2018 0:00;Nick Mason at Dingwalls (May 20, 2018);19:00:00;Concert;Sunday;51.5418166;-0.1458775;9;1720;0.564;0.507;[8];-9.723;[0];0.0491;0.0685;0.0723;0.111;0.262;305879.5714;[4]
481;5afabe2fdcab560004a0b2f3;20/5/2018 0:00;Jimpster at Archspace (May 20, 2018);19:00:00;Concert;Sunday;51.536671;-0.0758036;37;9781;0.726;0.63;[4];-9.28;[0];0.0585;0.0741;0.796;0.0936;0.497;372622.7;[4]
486;5afabe3cdcab560004a0b2fe;20/5/2018 0:00;Urban Village Fete 2018;;Festival;Sunday;51.4825766;-0.0076589;22;20416;0.744;0.702;[1];-9.1425;[0];0.1052;0.0239;0.2045;0.108;0.781;307224.5;[4]
497;5afabe59dcab560004a0b316;21/5/2018 0:00;Susanne Sundfør at Barbican Centre (May 21, 2018);19:30:00;Concert;Monday;51.5198644;-0.0916989;55;131092;0.404;0.3225;[4];-9.002;[0];0.03525;0.48345;0.0019;0.0874;0.164;265606.6;[4]
504;5afabe6bdcab560004a0b325;21/5/2018 0:00;Poppy Ajudha at Omeara (May 21, 2018);19:00:00;Concert;Monday;51.5041429;-0.094603;52;7625;0.59;0.483;[6];-8.3475;[0];0.0423;0.379;0.00307485;0.1054;0.366;255820.3;[4]
517;5afabe8cdcab560004a0b33e;21/5/2018 0:00;Nick Mason at Half Moon, Putney (May 21, 2018);;Concert;Monday;51.4678461;-0.2217681;9;1720;0.564;0.507;[8];-9.723;[0];0.0491;0.0685;0.0723;0.111;0.262;305879.5714;[4]
525;5afabea6dcab560004a0b354;21/5/2018 0:00;Vince Vella and Luzmira Zerpa - Venezuela with Luzmira Zerpa at Total Refreshment Centre (May 21, 2018);18:30:00;Concert;Monday;51.5553566;-0.0733913;3;92;0.742;0.927;[0];-6.168;[1];0.0929;0.111;0.075;0.0867;0.66;234886.8;[4]
531;5afabeb3dcab560004a0b361;22/5/2018 0:00;Roberto Fonseca at Nells Jazz & Blues (May 22, 2018);19:00:00;Concert;Tuesday;51.4923141;-0.2071984;34;12096;0.424;0.6845;[0];-7.8185;[0];0.05375;0.7425;0.1194;0.669;0.5475;398497.4;[4]
570;5afabf26dcab560004a0b3ba;22/5/2018 0:00;Byron Wallen at The Jazz Cafe (May 22, 2018);19:00:00;Concert;Tuesday;51.5387092;-0.1430815;4;96;0.424;0.3625;[4];-14.125;[1];0.0648;0.2825;0.567;0.1445;0.437;411472;[3]
585;5afaec82f4259d0004b0e44f;13/4/2018 0:00;Jazz Jamaica at The Jazz Cafe (April 13, 2018);19:00:00;Concert;Friday;51.5387092;-0.1430815;27;4298;0.699;0.488;[0];-7.785;[1];0.0387;0.263;0.0422;0.218;0.717;300660.1;[4]
591;5afaec93f4259d0004b0e45f;13/4/2018 0:00;Benoit Viellefon and Benoit Viellefon Hot Club at The Oriole (April 13, 2018);19:00:00;Concert;Friday;51.5187111;-0.10258;2;58;0.7285;0.477;[7];-11.9585;[0];0.177;0.701;0.4675;0.6865;0.8965;192411.9286;[4]
595;5afaec9cf4259d0004b0e468;13/4/2018 0:00;Georgie Fame at Fairkytes Arts Center (April 13, 2018);19:00:00;Concert;Friday;51.5650145;0.2182053;35;5696;0.5915;0.5205;[3];-10.009;[1];0.04;0.307;8.74E-06;0.227;0.6805;187896.3;[4]
602;5afaecaff4259d0004b0e47b;13/4/2018 0:00;Keni Burke at 229 (April 13, 2018);;Concert;Friday;51.523464;-0.144249;37;4191;0.7085;0.584;[0];-8.618;[0];0.0863;0.256;7.50E-05;0.1445;0.8;245367.4;[4]
604;5afaecb7f4259d0004b0e481;13/4/2018 0:00;Thomas Gould, Kristjan Randalu, and Stephan Braun at Kings Place (April 13, 2018);19:30:00;Concert;Friday;51.534649;-0.122138;34;865;0.2485;0.1475;[7];-21.2895;[1];0.0399;0.948;0.8555;0.154;0.1205;245026.6;[4]
614;5afaecdbf4259d0004b0e49f;13/4/2018 0:00;Ayanna Witter-Johnson at Cutty Sark (April 13, 2018);;Concert;Friday;51.4814581;-0.0083094;14;701;0.739;0.27;[7];-7.449;[1];0.0605;0.757;2.48E-05;0.11;0.455;221339.5556;[4]
618;5afaece9f4259d0004b0e4aa;13/4/2018 0:00;Speak, Brother with John Nicholas and Jules Rendell at Thousand Island (formerly Upstairs at The Garage) (April 13, 2018);19:00:00;Concert;Friday;51.5466983;-0.1038429;16;1167;0.4265;0.4545;[1];-9.3335;[1];0.0393;0.1075;0.000237;0.135;0.2465;223865.25;[4]
664;5afaed75f4259d0004b0e52b;13/4/2018 0:00;London Afrobeat Collective at The Blues Kitchen - Brixton (April 13, 2018);21:00:00;Concert;Friday;51.4606163;-0.1192565;12;1327;0.7165;0.8865;[1];-7.9085;[0];0.04435;0.00234;0.0589;0.12275;0.839;360943.4;[4]
684;5afaeda3f4259d0004b0e55b;14/4/2018 0:00;Benoit Viellefon and Benoit Viellefon Hot Club at The Nightjar (April 14, 2018);19:00:00;Concert;Saturday;51.5265311;-0.0877326;2;58;0.7285;0.477;[7];-11.9585;[0];0.177;0.701;0.4675;0.6865;0.8965;192411.9286;[4]
714;5afaedfaf4259d0004b0e5ab;14/4/2018 0:00;Frankie Feliciano, David Harness, D Malice, Kitty Amor, and 3 more… at The Prince of Wales (April 14, 2018);22:00:00;Concert;Saturday;51.4615105;-0.1149433;19;1389;0.799;0.68;[4];-8.615;[0];0.0514;0.0125;0.541;0.092;0.757;493253.2245;[4]
715;5afaedfcf4259d0004b0e5ad;14/4/2018 0:00;Aubrey Logan at Ronnie Scott's (April 14, 2018);17:30:00;Concert;Saturday;51.5134988;-0.131519;35;3838;0.529;0.5905;[2];-7.174;[1];0.0877;0.7995;0;0.313;0.6865;212519.2;[4]
725;5afaee24f4259d0004b0e5cc;14/4/2018 0:00;Emily Saunders at The Jazz Cafe POSK (April 14, 2018);;Concert;Saturday;51.4935842;-0.237489;25;432;0.505;0.3745;[2];-11.128;[1];0.0433;0.796;0.2115;0.107;0.434;323286.7;[4]
731;5afaee39f4259d0004b0e5dd;14/4/2018 0:00;George Colligan, Michael Janisch, Jon Irabagon, and Andrew Bains at Vortex Jazz Club (April 14, 2018);20:00:00;Concert;Saturday;51.5487082;-0.0764992;13;2398;0.3885;0.501;[2];-11.7315;[0];0.04475;0.566;0.7305;0.109;0.345;413073.9;[4]
744;5afaee56f4259d0004b0e5fb;14/4/2018 0:00;Anthony Joseph at Red Rooster (April 14, 2018);22:00:00;Concert;Saturday;51.5237209;-0.0806178;34;1572;0.728;0.8255;[0];-6.3285;[0];0.06305;0.2495;0.0411;0.1075;0.7575;315917.1;[4]
781;5afaeebef4259d0004b0e651;15/4/2018 0:00;Sophia Marshall, Rhiannon Scutt, Gitta de Ridder, Lyla Foy, and 2 more… at Green Note (April 15, 2018);17:30:00;Concert;Sunday;51.5374217;-0.1456995;15;10173;0.592;0.4465;[0];-9.2035;[1];0.0343;0.4665;0.0003335;0.107;0.3705;226365.8;[4]
786;5afaeec8f4259d0004b0e65d;15/4/2018 0:00;Juliet Kelly with Celebrating the Divas of Jazz at Pizza Express Jazz Club - Soho (April 15, 2018);;Concert;Sunday;51.5151564;-0.1333585;4;93;0.7335;0.4555;[8];-10.076;[0];0.04085;0.6855;6.39E-06;0.177;0.535;218324;[4]
791;5afaeed2f4259d0004b0e667;15/4/2018 0:00;Josef Leimberg at Archspace (April 15, 2018);19:00:00;Concert;Sunday;51.536671;-0.0758036;31;2994;0.391;0.678;[3];-6.2445;[0];0.03845;0.282;0.08535;0.163;0.3325;391444.9;[4]
798;5afaeee0f4259d0004b0e675;15/4/2018 0:00;Joy Ellis at Omnibus (April 15, 2018);;Concert;Sunday;51.463154;-0.1429531;2;34;0.478;0.4285;[4];-11.1855;[0];0.03445;0.739;0.0156;0.1075;0.21;332386.5;[4]
820;5afaef1af4259d0004b0e6a8;16/4/2018 0:00;Vince Vella at The Jazz Cafe (April 16, 2018);;Concert;Monday;51.5387092;-0.1430815;6;92;0.742;0.742;[0];-6.861;[1];0.161;0.196;0.075;0.0867;0.671;279501;[4]
838;5afaef46f4259d0004b0e6d3;17/4/2018 0:00;Lauv with Jeremy Zucker at O2 Academy Islington (April 17, 2018);19:00:00;Concert;Tuesday;51.5345836;-0.1059202;75;502820;0.651;0.4185;[9];-8.256;[1];0.0624;0.6055;1.14E-06;0.15;0.4225;203779.7;[4]
857;5afaef7cf4259d0004b0e700;17/4/2018 0:00;Juliet Kelly at Elgar Room, Royal Albert Hall (April 17, 2018);;Concert;Tuesday;51.5012574;-0.1768302;4;93;0.7335;0.4555;[8];-10.076;[0];0.04085;0.6855;6.39E-06;0.177;0.535;218324;[4]
885;5afaefc6f4259d0004b0e746;18/4/2018 0:00;Gregory Porter at Royal Albert Hall (April 18, 2018);18:45:00;Concert;Wednesday;51.500786;-0.1781517;62;260763;0.544;0.304;[4];-10.423;[1];0.056;0.732;0.000182;0.1195;0.2995;246516.4;[4]
900;5afaefedf4259d0004b0e76a;18/4/2018 0:00;Oscar Jerome at Ghost Notes (April 18, 2018);19:30:00;Concert;Wednesday;51.4706807;-0.0675578;36;5585;0.5755;0.5055;[5];-8.2905;[0];0.06075;0.559;0.0748;0.142;0.322;305549.5;[4]
905;5afaf006f4259d0004b0e77d;18/4/2018 0:00;Tyondai Braxton with Kaitlyn Aurelia Smith, Qasim Naqvi, Edgard Varèse, and 2 more… at Queen Elizabeth Hall, Southbank Centre (April 18, 2018);19:30:00;Concert;Wednesday;51.5112139;-0.1198244;35.5;32555;0.277;0.2875;[0];-18.466;[1];0.04455;0.8735;0.8245;0.1105;0.0775;308754.18;[4]
925;5afaf049f4259d0004b0e7b1;18/4/2018 0:00;Jim Bashford, Trish Clowes, and Hilmar Jensson at Vortex Jazz Club (April 18, 2018);20:00:00;Concert;Wednesday;51.5487082;-0.0764992;4;626;0.3915;0.3265;[9];-14.2795;[1];0.0364;0.85;0.7905;0.1015;0.165;337474.5667;[4]
927;5afaf04ef4259d0004b0e7b6;18/4/2018 0:00;Paul Moran with Nigel Price at 606 Club (April 18, 2018);;Concert;Wednesday;51.4784141;-0.1816679;16;31;0.4925;0.385;[0];-13.883;[1];0.04525;0.552;0.731;0.108;0.3235;275451.8;[4]
928;5afaf050f4259d0004b0e7b8;18/4/2018 0:00;Kris Berry at Royal Albert Hall (April 18, 2018);19:00:00;Concert;Wednesday;51.500786;-0.1781517;45;5809;0.7065;0.473;[0];-7.5825;[1];0.0371;0.4465;0.000841;0.106;0.564;225716;[4]
935;5afaf06df4259d0004b0e7d0;18/4/2018 0:00;Dominic J Marshall at Total Refreshment Centre (April 18, 2018);19:00:00;Concert;Wednesday;51.5553566;-0.0733913;17;628;0.56;0.6725;[7];-9.3365;[0];0.0465;0.242;0.7865;0.1955;0.4365;188064.1;[4]
938;5afaf072f4259d0004b0e7d6;18/4/2018 0:00;Daniel Casimir at Spice Of Life (April 18, 2018);;Concert;Wednesday;51.5133602;-0.1297022;25;165;0.429;0.179;[0];-16.137;[0];0.0491;0.7385;0.3465;0.1205;0.2865;469467.6;[4]
945;5afaf07df4259d0004b0e7e2;19/4/2018 0:00;Gregory Porter at Royal Albert Hall (April 19, 2018);18:45:00;Concert;Thursday;51.500786;-0.1781517;62;260763;0.544;0.304;[4];-10.423;[1];0.056;0.732;0.000182;0.1195;0.2995;246516.4;[4]
974;5afaf0d5f4259d0004b0e829;19/4/2018 0:00;Sons of Kemet at Total Refreshment Centre (April 19, 2018);;Concert;Thursday;51.5553566;-0.0733913;43;15892;0.5385;0.765;[1];-8.3325;[1];0.1235;0.225;0.758;0.0851;0.7285;363415.9;[4]
987;5afaf0eff4259d0004b0e844;19/4/2018 0:00;IAMDDB at KOKO (April 19, 2018);19:00:00;Concert;Thursday;51.534617;-0.138338;48;8221;0.6455;0.4465;[5];-9.8735;[0];0.129;0.441;5.40E-07;0.1545;0.4365;165438.8;[4]
988;5afaf0f2f4259d0004b0e847;19/4/2018 0:00;Joey DeFrancesco and Van Morrison at Subterania (April 19, 2018);19:30:00;Concert;Thursday;51.5214803;-0.2040499;61.5;708731;0.5405;0.478;[5];-10.3225;[1];0.0397;0.4605;3.71E-05;0.1535;0.521;280410.7;[4]
996;5afaf103f4259d0004b0e856;19/4/2018 0:00;Kris Berry at Royal Albert Hall (April 19, 2018);;Concert;Thursday;51.500786;-0.1781517;45;5809;0.7065;0.473;[0];-7.5825;[1];0.0371;0.4465;0.000841;0.106;0.564;225716;[4]
1001;5afaf116f4259d0004b0e867;19/4/2018 0:00;IMAN at Sofar Sounds (April 19, 2018);19:00:00;Concert;Thursday;51.5073509;-0.1277583;49;25542;0.4765;0.6625;[1];-8.145;[0];0.1415;0.08195;0.006418;0.195;0.529;185574.6;[4]
1006;5afaf12af4259d0004b0e878;19/4/2018 0:00;Evan Parker at Vortex Jazz Club (April 19, 2018);20:00:00;Concert;Thursday;51.5487082;-0.0764992;23;2109;0.396;0.3295;[10];-14.5815;[0];0.06155;0.841;0.5155;0.1075;0.1645;343256.1;[4]
1026;5afaf160f4259d0004b0e8ac;21/4/2018 0:00;SAWA at The Jazz Cafe (April 21, 2018);19:00:00;Concert;Saturday;51.5387092;-0.1430815;10;1113;0.6115;0.9325;[6];-2.343;[1];0.07195;0.02205;5.00E-05;0.1045;0.561;263772.7;[4]
1054;5afaf1d9f4259d0004b0e90b;21/4/2018 0:00;Dego at The Jazz Cafe (April 21, 2018);22:30:00;Concert;Saturday;51.5387092;-0.1430815;22;2120;0.8005;0.748;[1];-8.7405;[0];0.04875;0.00586;0.843;0.106;0.58;306096.1;[4]
1065;5afaf206f4259d0004b0e930;21/4/2018 0:00;Casey Pearl with GeeJay at Archspace (April 21, 2018);19:00:00;Concert;Saturday;51.536671;-0.0758036;4.5;33;0.7585;0.62;[9];-9.3715;[1];0.1095;0.162;0;0.1175;0.549;251926.5;[4]
1070;5afaf216f4259d0004b0e93d;21/4/2018 0:00;Dr. Lonnie Smith at Ronnie Scott's (April 21, 2018);;Concert;Saturday;51.5134988;-0.131519;39;13753;0.6065;0.5015;[5];-11.663;[0];0.0477;0.458;0.855;0.09895;0.7435;412444.5;[4]
1075;5afaf221f4259d0004b0e945;21/4/2018 0:00;Van Morrison with Joey DeFrancesco at Subterania (April 21, 2018);19:30:00;Concert;Saturday;51.5214803;-0.2040499;61.5;708731;0.5405;0.478;[5];-10.3225;[1];0.0397;0.4605;3.71E-05;0.1535;0.521;280410.7;[4]
1082;5afaf23cf4259d0004b0e956;21/4/2018 0:00;The Queen's Birthday Party 2018;;Festival;Saturday;51.500786;-0.1781517;72;12212229;0.6255;0.624;[0];-6.7515;[1];0.05925;0.2175;0;0.118;0.532;211650.95;[4]
1084;5afaf241f4259d0004b0e95b;21/4/2018 0:00;The John Langan Band and The Turbans at Islington Assembly Hall (April 21, 2018);19:00:00;Concert;Saturday;51.5395158;-0.1024666;14;3168;0.53;0.383;[7];-8.252;[1];0.0431;0.802;0;0.153;0.773;174335.1818;[4]
1086;5afaf249f4259d0004b0e961;21/4/2018 0:00;Fred Wesley & The New J.B.'s at The Bussey Building (April 21, 2018);;Concert;Saturday;51.4698579;-0.0682122;16;345;0.744;0.547;[10];-12.486;[1];0.0647;0.393;0.0829;0.0547;0.829;261164.3333;[4]
1103;5afaf269f4259d0004b0e980;21/4/2018 0:00;Seb Wildblood at Corsica Studios (April 21, 2018);;Concert;Saturday;51.4935647;-0.0987167;40;5217;0.7575;0.6445;[9];-11.118;[1];0.0453;0.297;0.8815;0.1055;0.519;372691.8;[4]
1113;5afaf292f4259d0004b0e99a;22/4/2018 0:00;Stacey Kent at Leicester Square Theatre (April 22, 2018);;Concert;Sunday;51.510432;-0.129497;60;102907;0.568;0.278;[1];-13.5735;[1];0.03635;0.886;0.006595;0.1065;0.407;256458.6;[4]
1115;5afaf295f4259d0004b0e99e;22/4/2018 0:00;Danay Suarez at The Jazz Cafe (April 22, 2018);19:00:00;Concert;Sunday;51.5387092;-0.1430815;40;24167;0.6265;0.537;[6];-8.5945;[0];0.0914;0.5475;0.000664;0.123;0.4575;249581.5;[4]
1125;5afaf2aff4259d0004b0e9b4;22/4/2018 0:00;Gabrielle Ducomble at Omnibus Theatre (April 22, 2018);19:30:00;Concert;Sunday;51.4636578;-0.1423604;4;101;0.535;0.3375;[9];-11.528;[0];0.03285;0.907;0.0001985;0.1055;0.2745;310673.3;[4]
1128;5afaf2bcf4259d0004b0e9bf;22/4/2018 0:00;Tellison with The Maple State and Olympians at The Lexington (April 22, 2018);19:30:00;Concert;Sunday;51.5316567;-0.1114451;23;12062;0.5365;0.7035;[7];-7.0485;[1];0.03755;0.1415;0.0373;0.136;0.575;208952.8333;[4]
1129;5afaf2bff4259d0004b0e9c0;22/4/2018 0:00;Danay Suarez and Vince Vella at The Jazz Cafe (April 22, 2018) (CANCELLED) ;18:30:00;Concert;Sunday;51.5387092;-0.1430815;23;24259;0.659;0.593;[6];-8.56;[0];0.126;0.509;0.0104;0.113;0.538;256486;[4]
1131;5afaf2c5f4259d0004b0e9c5;22/4/2018 0:00;Birsen Tezer at O2 Academy Islington (April 22, 2018);19:00:00;Concert;Sunday;51.5345836;-0.1059202;51;60647;0.5365;0.3715;[4];-10.435;[0];0.0379;0.919;0.0014;0.1105;0.264;302348.4;[4]
1149;5afaf2f5f4259d0004b0e9e7;22/4/2018 0:00;SAWA at The Jazz Cafe (April 22, 2018);19:00:00;Concert;Sunday;51.5387092;-0.1430815;10;1113;0.6115;0.9325;[6];-2.343;[1];0.07195;0.02205;5.00E-05;0.1045;0.561;263772.7;[4]
1150;5afaf2f9f4259d0004b0e9ea;22/4/2018 0:00;Ruth Koleva with Ivo Dimchev at Zigfrid Von Underbelly (April 22, 2018);19:30:00;Concert;Sunday;51.5280012;-0.0817678;17;2362;0.4495;0.401;[0];-9.295;[1];0.04825;0.563;0.0004515;0.1825;0.412;231250.9;[4]
1193;5afaf38df4259d0004b0ea60;6/5/2018 0:00;Riot Jazz with Riot Jazz Brass Band at Brixton Jamm (May 6, 2018);16:00:00;Concert;Sunday;51.47095;-0.1119528;25;8548;0.635;0.855;[8];-6.033;[1];0.0605;0.013855;0.664;0.1625;0.6755;240097.6;[4]
1214;5afaf3dff4259d0004b0eaa2;6/5/2018 0:00;Disastronaut with Freakpower at The Bell Pub (May 6, 2018);16:30:00;Concert;Sunday;51.5902561;-0.0170213;4;132;0.675;0.607;[7];-7.72;[1];0.0444;0.145;0.694;0.109;0.402;348914.1818;[4]
1221;5afaf3eff4259d0004b0eab0;6/5/2018 0:00;Ed Calle at Abbey Road Studios (May 6, 2018);;Concert;Sunday;51.5321445;-0.1779186;25;1374;0.5695;0.5135;[0];-9.3755;[0];0.03655;0.671;0.4485;0.1485;0.4795;392657.5;[4]
1228;5afaf401f4259d0004b0eabe;6/5/2018 0:00;Picante at The Ship Theatre (May 6, 2018);20:00:00;Concert;Sunday;51.2773898;0.1985561;45;47239;0.672;0.819;[7];-4.7225;[0];0.04075;0.6135;0;0.1253;0.848;278907.8;[4]
1237;5afaf421f4259d0004b0eadb;7/5/2018 0:00;Mr Jukes at The Jazz Cafe (May 7, 2018);19:00:00;Concert;Monday;51.5387092;-0.1430815;49;23487;0.6455;0.6875;[0];-6.2195;[0];0.0433;0.1375;0.0159;0.12;0.594;236819.7;[4]
1239;5afaf434f4259d0004b0eae7;7/5/2018 0:00;Daley at Village Underground (May 7, 2018);19:00:00;Concert;Monday;51.5237877;-0.0780335;46;55106;0.5325;0.496;[0];-8.2;[0];0.0655;0.2955;7.00E-07;0.09635;0.3025;235265.9;[4]
1252;5afaf45af4259d0004b0eb05;7/5/2018 0:00;Red Baraat with Sunny Jain at Rich Mix (May 7, 2018);19:30:00;Concert;Monday;51.5242313;-0.0738117;15;6912;0.4635;0.909;[1];-7.015;[1];0.0581;0.10305;0.5005;0.1345;0.8125;319440.9;[4]
1254;5afaf45ef4259d0004b0eb08;7/5/2018 0:00;Jules Rendell at Unknown venue (May 7, 2018);19:30:00;Concert;Monday;51.5073509;-0.1277583;12;124;0.5535;0.3935;[1];-10.8585;[0];0.0416;0.1535;0.000679;0.1835;0.287;213855.5;[4]
1255;5afaf463f4259d0004b0eb0b;7/5/2018 0:00;Kofi with DJ Misbehaviour and Shortee Blitz at O2 Academy 2 Islington (May 7, 2018);;Concert;Monday;51.5345836;-0.1059202;16;3557;0.843;0.661;[7];-4.578;[1];0.0816;0.242;4.84E-05;0.147;0.78;211126;[4]
1258;5afaf473f4259d0004b0eb16;7/5/2018 0:00;Ed Calle at Abbey Road Studios (May 7, 2018);;Concert;Monday;51.5321445;-0.1779186;25;1374;0.5695;0.5135;[0];-9.3755;[0];0.03655;0.671;0.4485;0.1485;0.4795;392657.5;[4]
1263;5afaf47df4259d0004b0eb20;8/5/2018 0:00;Ahmad Jamal at Barbican Centre (May 8, 2018) (CANCELLED) ;19:30:00;Concert;Tuesday;51.5198644;-0.0916989;48;41444;0.578;0.2875;[0];-16.537;[1];0.04125;0.6485;0.78;0.117;0.3825;305358.7;[4]
1288;5afaf4cff4259d0004b0eb60;8/5/2018 0:00;Harald Lassen and Elliot Galvin at Vortex Jazz Club (May 8, 2018);20:00:00;Concert;Tuesday;51.5487082;-0.0764992;10.5;198;0.458;0.308;[2];-15.143;[1];0.0448;0.61;0.779;0.12;0.214;320395.2941;[4]
1297;5afaf4e2f4259d0004b0eb73;8/5/2018 0:00;Autumnmusic with Talk Show gHost and Little Water at Servant Jazz Quarters (May 8, 2018);19:30:00;Concert;Tuesday;51.5486354;-0.0767334;2;31;0.6115;0.239;[0];-15.621;[0];0.1047;0.842;0.000631;0.09585;0.3595;196893.8333;[4]
1301;5afaf4e9f4259d0004b0eb79;8/5/2018 0:00;Ed Calle at Abbey Road Studios (May 8, 2018);;Concert;Tuesday;51.5321445;-0.1779186;25;1374;0.5695;0.5135;[0];-9.3755;[0];0.03655;0.671;0.4485;0.1485;0.4795;392657.5;[4]
1327;5afaf53cf4259d0004b0ebb6;9/5/2018 0:00;Matana Roberts with Patricia Kelly at Ghost Notes (May 9, 2018);19:30:00;Concert;Wednesday;51.4706807;-0.0675578;18.5;5223;0.4415;0.341;[0];-10.557;[1];0.0426;0.8515;0.00234;0.506;0.2875;348785;[4]
1333;5afaf551f4259d0004b0ebc8;9/5/2018 0:00;Run Logan Run with Danalogue and Cykada at Sebright Arms (May 9, 2018);;Concert;Wednesday;51.5320226;-0.0631162;2;89;0.3275;0.5415;[10];-11.7535;[0];0.04535;0.185;0.8415;0.1085;0.283;299368.2778;[4]
1335;5afaf556f4259d0004b0ebcc;9/5/2018 0:00;John Etheridge and Arun Ghosh at Vortex Jazz Club (May 9, 2018);20:00:00;Concert;Wednesday;51.5487082;-0.0764992;15.5;1350;0.518;0.385;[0];-10.566;[1];0.03735;0.651;0.8495;0.117;0.3545;220808.55;[4]
1344;5afaf56af4259d0004b0ebe0;9/5/2018 0:00;Iva Bittova and Abraham Brody at Richmix Cinema and Arts Centre (May 9, 2018);19:30:00;Concert;Wednesday;51.5242129;-0.0735496;10;2291;0.3055;0.2315;[7];-11.103;[1];0.041;0.9075;0.011;0.1035;0.1395;271184.45;[4]
1348;5afaf573f4259d0004b0ebe9;9/5/2018 0:00;Death and the Penguin and Suffer Like G Did with Young Braves and Midnight Mouth at The Fighting Cocks (May 9, 2018);;Concert;Wednesday;51.4106158;-0.2982417;6;1645;0.501;0.7435;[7];-5.805;[0];0.0484;0.00644;0.011435;0.143;0.5065;228471.5;[4]
1360;5afaf596f4259d0004b0ec07;9/5/2018 0:00;Ed Calle at Abbey Road Studios (May 9, 2018);;Concert;Wednesday;51.5321445;-0.1779186;25;1374;0.5695;0.5135;[0];-9.3755;[0];0.03655;0.671;0.4485;0.1485;0.4795;392657.5;[4]
1371;5afaf5b1f4259d0004b0ec1e;10/5/2018 0:00;Gwyneth Herbert at The Crazy Coqs (May 10, 2018);18:30:00;Concert;Thursday;51.5108185;-0.1357307;19;1371;0.635;0.265;[2];-11.2195;[1];0.0456;0.8065;4.26E-05;0.104;0.349;200768;[4]
1377;5afaf5c5f4259d0004b0ec2d;10/5/2018 0:00;Snowpoet at Kings Place (May 10, 2018);;Concert;Thursday;51.534649;-0.122138;25;929;0.378;0.192;[9];-16.533;[1];0.0382;0.913;0.00289;0.116;0.2605;206914.7;[4]
1412;5afcd45f4054df00043ae4aa;23/5/2018 0:00;Roberto Fonseca at Nells Jazz & Blues (May 23, 2018);;Concert;Wednesday;51.4923141;-0.2071984;34;12106;0.424;0.6845;[0];-7.8185;[0];0.05375;0.7425;0.1194;0.669;0.5475;398497.4;[4]
1417;5afcd46a4054df00043ae4b3;23/5/2018 0:00;COUSTEAUX at 100 Club (May 23, 2018) (CANCELLED) ;19:30:00;Concert;Wednesday;51.5160992;-0.1351725;7;290;0.3525;0.5155;[0];-8.414;[0];0.0357;0.472;0.00227;0.1135;0.3095;245803.6;[4]
1439;5afcd4ac4054df00043ae4e2;23/5/2018 0:00;Nim Sadot at Spice Of Life (May 23, 2018);20:00:00;Concert;Wednesday;51.5133602;-0.1297022;10;149;0.6285;0.5685;[2];-12.4465;[0];0.03895;0.183;0.868;0.1595;0.4215;348164.125;[4]
1457;5afcd4e24054df00043ae509;23/5/2018 0:00;Nick Mason at Half Moon, Putney (May 23, 2018);;Concert;Wednesday;51.4678461;-0.2217681;9;1722;0.564;0.507;[8];-9.723;[0];0.0491;0.0685;0.0723;0.111;0.262;305879.5714;[4]
1460;5afcd4ea4054df00043ae50f;23/5/2018 0:00;Frank Harrison and Brigitte Beraha at Kings Place (May 23, 2018);;Concert;Wednesday;51.534649;-0.122138;2.5;84;0.492;0.157;[3];-13.97;[1];0.0382;0.953;2.55E-06;0.102;0.248;325118.1053;[4]
1497;5afcd55a4054df00043ae565;24/5/2018 0:00;Smoove & Turrell with Izo FitzRoy at Archspace (May 24, 2018);19:00:00;Concert;Thursday;51.536671;-0.0758036;37.5;14189;0.722;0.691;[2];-7.3415;[0];0.0538;0.07815;0.0001132;0.08955;0.7545;263544.6;[4]
1498;5afcd55c4054df00043ae566;24/5/2018 0:00;Manu Delago at The Jazz Cafe (May 24, 2018);19:00:00;Concert;Thursday;51.5387092;-0.1430815;33;5965;0.4565;0.427;[5];-15.4835;[0];0.0419;0.8645;0.7145;0.109;0.1735;308840.6;[4]
1508;5afcd57d4054df00043ae580;24/5/2018 0:00;The Mouse Outfit at Brixton Jamm (May 24, 2018);19:00:00;Concert;Thursday;51.47095;-0.1119528;47;17504;0.8015;0.537;[6];-7.358;[0];0.201;0.38;0.00059695;0.1165;0.7035;223508.1;[4]
1509;5afcd5804054df00043ae582;24/5/2018 0:00;Joe Armon-Jones at Ghost Notes (May 24, 2018);20:00:00;Concert;Thursday;51.4706807;-0.0675578;38;2163;0.5425;0.5775;[5];-11.1955;[0];0.07445;0.316;0.824;0.296;0.4815;372756.4;[4]
1514;5afcd58a4054df00043ae58b;24/5/2018 0:00;Evan Parker at Vortex Jazz Club (May 24, 2018);20:30:00;Concert;Thursday;51.5487082;-0.0764992;24;2112;0.4005;0.3295;[10];-14.5815;[0];0.0626;0.841;0.527;0.1075;0.204;322297.4;[4]
1528;5afcd5ba4054df00043ae5ae;24/5/2018 0:00;The Wholls with The Sons, The Strawberries, The Freakouts, and 1 more… at Nambucca (May 24, 2018);19:00:00;Concert;Thursday;51.5609729;-0.1236348;17.5;43282;0.553;0.681;[4];-7.46;[1];0.0499;0.0153;3.64E-05;0.118;0.416;220174.28;[4]
1530;5afcd5c04054df00043ae5b2;24/5/2018 0:00;Nick Mason at Half Moon, Putney (May 24, 2018);;Concert;Thursday;51.4678461;-0.2217681;9;1722;0.564;0.507;[8];-9.723;[0];0.0491;0.0685;0.0723;0.111;0.262;305879.5714;[4]
1533;5afcd5cb4054df00043ae5bb;24/5/2018 0:00;Kit Downes and James Maddren at Kings Place (May 24, 2018);;Concert;Thursday;51.534649;-0.122138;19.5;609;0.365;0.1595;[2];-16.4985;[1];0.03745;0.928;0.6565;0.11;0.213;306369.4;[4]
1553;5afcd6174054df00043ae5f1;24/5/2018 0:00;Gwyneth Herbert, Anoushka Lucas, and Hattie Whitehead at 606 Club (May 24, 2018);;Concert;Thursday;51.4784141;-0.1816679;17;2243;0.5375;0.3745;[2];-9.6285;[1];0.03495;0.824;3.49E-05;0.1095;0.339;217988.7;[4]
1559;5aff774d84d273000431fdbb;21/5/2018 0:00;Alex Ward, Mopomoso, Niall Sloane, Sam Enthoven, and 5 more… at Sevilla Mia (May 21, 2018);19:30:00;Concert;Monday;51.5169003;-0.1320623;2;38;0.647;0.6155;[1];-11.925;[1];0.0918;0.455;0.8425;0.1565;0.531;340660.9;[4]
1575;5aff77f084d273000431fe1b;25/5/2018 0:00;YolanDa Brown at The Jazz Cafe (May 25, 2018);19:00:00;Concert;Friday;51.5387092;-0.1430815;14;1514;0.641;0.502;[5];-8.7275;[0];0.0913;0.248;0.704;0.116;0.483;300431.1;[4]
1600;5aff78a184d273000431fe88;25/5/2018 0:00;Injury Reserve at Birthdays (May 25, 2018);;Concert;Friday;51.5517702;-0.0751825;61;49676;0.5975;0.6485;[4];-7.918;[0];0.3415;0.1405;0;0.1505;0.4835;242507.8;[4]
1612;5aff78c984d273000431fea7;25/5/2018 0:00;Nicola Conte at Ronnie Scott's (May 25, 2018);;Concert;Friday;51.5134988;-0.131519;45;20472;0.637;0.7505;[2];-7.702;[0];0.04165;0.617;0.03565;0.1255;0.6645;278889.3;[4]
1626;5aff78f184d273000431fec6;25/5/2018 0:00;Armel Dupas at Institut Français (May 25, 2018);19:00:00;Concert;Friday;51.4945935;-0.1773219;10;130;0.513;0.446;[1];-11.628;[0];0.0365;0.838;0.769;0.1075;0.5225;369737.3;[4]
1636;5aff791884d273000431fee1;25/5/2018 0:00;Bob Reynolds at Unknown venue (May 25, 2018);19:00:00;Concert;Friday;51.5073509;-0.1277583;31;4336;0.462;0.3805;[4];-10.0045;[0];0.0442;0.276;0.727;0.2215;0.2685;488407;[4]
1644;5aff793284d273000431fef4;25/5/2018 0:00;Benoit Viellefon and Benoit Viellefon & His Orchestra at The Paris Grill (May 25, 2018);7:00:00;Concert;Friday;51.5111849;-0.0790329;6.5;264;0.587;0.4435;[0];-10.6195;[0];0.12;0.836;0.05305;0.1135;0.7845;146052.4286;[4]
1665;5aff797684d273000431ff20;25/5/2018 0:00;Michael Blake and Hannes Riepler at Vortex Jazz Club (May 25, 2018);20:00:00;Concert;Friday;51.5487082;-0.0764992;22;1069;0.4635;0.3455;[2];-13.5625;[1];0.034;0.927;0.7105;0.119;0.3395;380660.7;[4]
1666;5aff797984d273000431ff24;25/5/2018 0:00;MIKE (Rapper), Wu-Lu, and Kwasiba Savage at Red Gates Warehouse (May 25, 2018);22:00:00;Concert;Friday;51.5389018;-0.022814;9.5;441;0.522;0.317;[8];-16.976;[1];0.0584;0.241;0.103;0.11;0.162;230450.4545;[4]
1686;5aff79c584d273000431ff5d;26/5/2018 0:00;Smoove & Turrell at Suburbs (May 26, 2018);20:00:00;Concert;Saturday;51.2501654;-0.5912318;39;11279;0.763;0.8175;[10];-5.9985;[0];0.0538;0.04795;0.0029235;0.0743;0.786;254343;[4]
1700;5aff7a0f84d273000431ff96;26/5/2018 0:00;Actress and London Contemporary Orchestra with Duval Timothy, Toxe, and 1 more… at Barbican Centre (May 26, 2018);19:30:00;Concert;Saturday;51.5198644;-0.0916989;23;30759;0.501;0.317;[5];-13.9205;[1];0.0495;0.3445;0.7755;0.1025;0.196;239859.8125;[4]
1705;5aff7a2784d273000431ffa6;26/5/2018 0:00;Shatner's Bassoon at Stour Space (May 26, 2018);20:00:00;Concert;Saturday;51.5401845;-0.0210185;1;38;0.415;0.599;[1];-10.191;[1];0.1445;0.27;0.477;0.2175;0.2435;496680;[4]
1717;5aff7a4c84d273000431ffc5;26/5/2018 0:00;Tortured Soul at CLF Art Cafe, The Bussey Building (May 26, 2018);22:00:00;Concert;Saturday;51.4698563;-0.0679964;39;10996;0.8175;0.6345;[6];-7.999;[0];0.03995;0.00695;0.0001965;0.0821;0.903;348718.6;[4]
1723;5aff7a5b84d273000431ffcd;26/5/2018 0:00;Bob Reynolds at Cadogan Hall (May 26, 2018);19:00:00;Concert;Saturday;51.4935705;-0.1573407;31;4336;0.462;0.3805;[4];-10.0045;[0];0.0442;0.276;0.727;0.2215;0.2685;488407;[4]
1746;5aff7aa184d2730004320006;26/5/2018 0:00;Partikel at Toulouse Lautrec (May 26, 2018);19:30:00;Concert;Saturday;51.4911173;-0.103371;1;112;0.4375;0.314;[0];-12.804;[1];0.0436;0.2255;0.4125;0.09515;0.362;308593.2;[3]
1749;5aff7aa884d273000432000c;26/5/2018 0:00;Kamaal Williams at Rough Trade East (May 26, 2018);18:45:00;Concert;Saturday;51.521245;-0.0718398;31;3156;0.663;0.554;[1];-10.696;[1];0.142;0.483;0.904;0.106;0.681;406188;[4]
1764;5b00c8c263800d0004c40d19;27/5/2018 0:00;Redtenbacher's Funkestra at Ziggy's World Jazz Club (May 27, 2018);19:00:00;Concert;Sunday;51.6503243;-0.0810461;23;2207;0.7335;0.8255;[0];-5.1035;[1];0.03945;0.0213;0.688;0.115;0.827;199143.6;[4]
1789;5b00c95563800d0004c40d74;27/5/2018 0:00;Vula Viel at Vortex Jazz Club (May 27, 2018);20:00:00;Concert;Sunday;51.5487082;-0.0764992;4;396;0.566;0.732;[2];-11.3715;[1];0.0697;0.0926;0.71;0.06825;0.765;304482.7;[3]
1807;5b00c99b63800d0004c40da1;27/5/2018 0:00;Heartless Crew, DJ Luck & MC Neat, Wookie, Martin Larner, and 8 more… at fabric (May 27, 2018);23:00:00;Concert;Sunday;51.5195531;-0.1024779;27;45629;0.606;0.658;[9];-8.799;[1];0.0514;0.0646;0.00419;0.118;0.5;321513.12;[4]
1812;5b00c9a763800d0004c40da8;27/5/2018 0:00;Benoit Viellefon and Benoit Viellefon Hot Club at Verdi Room, Royal Albert Hall (May 27, 2018);12:00:00;Concert;Sunday;51.5012574;-0.1768302;2;58;0.7285;0.477;[7];-11.9585;[0];0.177;0.701;0.4675;0.6865;0.8965;192411.9286;[4]
1819;5b00c9c363800d0004c40dbb;27/5/2018 0:00;Harbour Sharks at The Big Red (May 27, 2018);19:00:00;Concert;Sunday;51.5579772;-0.1198271;3;63;0.576;0.944;[6];-3.6725;[1];0.0613;0.00402;0.01795;0.159;0.6085;184234.7;[4]
1846;5b021a556dc9fc00044e5f23;28/5/2018 0:00;Jules Rendell at Pizza Express - Holborn (May 28, 2018);;Concert;Monday;51.5180357;-0.1186285;11;126;0.5535;0.3935;[1];-10.8585;[0];0.0416;0.1535;0.000679;0.1835;0.287;213855.5;[4]
1853;5b021a6a6dc9fc00044e5f31;28/5/2018 0:00;Injury Reserve at The Old Blue Last (May 28, 2018);;Concert;Monday;51.5243593;-0.0801042;61;49868;0.5975;0.6485;[4];-7.918;[0];0.3415;0.1405;0;0.1505;0.4835;242507.8;[4]
1864;5b021a866dc9fc00044e5f47;28/5/2018 0:00;Tommaso Cappellato at Total Refreshment Centre (May 28, 2018) (CANCELLED) ;;Concert;Monday;51.5553566;-0.0733913;7;426;0.446;0.5105;[0];-13.6845;[0];0.0546;0.4785;0.658;0.109;0.3695;356710.1;[4]
